<?xml version="1.0" encoding="utf-8"?>
<items>
<item><tag><value>change</value><value>deep-thoughts</value><value>thinking</value><value>world</value></tag><title><value>“The world as we have created it is a process of our thinking. It cannot be changed without changing our thinking.”</value></title><author><value>Albert Einstein</value></author></item>
<item><tag><value>abilities</value><value>choices</value></tag><title><value>“It is our choices, Harry, that show what we truly are, far more than our abilities.”</value></title><author><value>J.K. Rowling</value></author></item>
<item><tag><value>inspirational</value><value>life</value><value>live</value><value>miracle</value><value>miracles</value></tag><title><value>“There are only two ways to live your life. One is as though nothing is a miracle. The other is as though everything is a miracle.”</value></title><author><value>Albert Einstein</value></author></item>
<item><tag><value>aliteracy</value><value>books</value><value>classic</value><value>humor</value></tag><title><value>“The person, be it gentleman or lady, who has not pleasure in a good novel, must be intolerably stupid.”</value></title><author><value>Jane Austen</value></author></item>
<item><tag><value>be-yourself</value><value>inspirational</value></tag><title><value>“Imperfection is beauty, madness is genius and it's better to be absolutely ridiculous than absolutely boring.”</value></title><author><value>Marilyn Monroe</value></author></item>
<item><tag><value>adulthood</value><value>success</value><value>value</value></tag><title><value>“Try not to become a man of success. Rather become a man of value.”</value></title><author><value>Albert Einstein</value></author></item>
<item><tag><value>life</value><value>love</value></tag><title><value>“It is better to be hated for what you are than to be loved for what you are not.”</value></title><author><value>André Gide</value></author></item>
<item><tag><value>edison</value><value>failure</value><value>inspirational</value><value>paraphrased</value></tag><title><value>“I have not failed. I've just found 10,000 ways that won't work.”</value></title><author><value>Thomas A. Edison</value></author></item>
<item><tag><value>misattributed-eleanor-roosevelt</value></tag><title><value>“A woman is like a tea bag; you never know how strong it is until it's in hot water.”</value></title><author><value>Eleanor Roosevelt</value></author></item>
<item><tag><value>humor</value><value>obvious</value><value>simile</value></tag><title><value>“A day without sunshine is like, you know, night.”</value></title><author><value>Steve Martin</value></author></item>
</items>